Left,Bottom,Right,Top
-94.686,31.6786,-92.9062,32.79
-94.692565,31.241433,-94.050963,31.670659
